"Name","Location","Address","URL"
"ABA Enhancement – IE Clinic","Riverside, California","525 Technology Ct Suite 101, Riverside, California 92507","https://abaenhancement.com/?utm_source=BHCOE-ABA-directory"
"ABA Enhancement – OC Clinic","Fountain Valley, California","16480 Harbor Blvd Ste 202, Fountain Valley, California 92708","https://abaenhancement.com/?utm_source=BHCOE-ABA-directory"
"ABA Enhancement – TX Clinic","Fort Worth, Texas","7500 N Beach St, Fort Worth, Texas 76137","https://abaenhancement.com/?utm_source=BHCOE-ABA-directory"
"ABA Experts Florida","New Port Richey, Florida","6533 River Road, New Port Richey, Florida 34652","https://www.abaexperts.net/?utm_source=BHCOE-ABA-directory"
"ABA Insight – Ann Arbor","Ann Arbor, Michigan","100 N. Staebler Rd, Ann Arbor, Michigan 48103","https://www.abainsight.net/?utm_source=BHCOE-ABA-directory"
"ABA Insight – Lansing","Lansing, Michigan","6520 Mercantile Way, Suite 5, Lansing, Michigan 48911","https://www.abainsight.net/?utm_source=BHCOE-ABA-directory"
"ABA Insight – Monroe","Monroe, Michigan","15384 South Dixie Highway, Monroe, Michigan 48161","https://www.abainsight.net/?utm_source=BHCOE-ABA-directory"
"ABA Insight – Ypsilanti","Ypsilanti, Michigan","304 Harriet St, Ypsilanti, Michigan 48197","https://www.abainsight.net/?utm_source=BHCOE-ABA-directory"
"ABA Kids Connection, Inc","Orlando, Florida","7726 Winegard Rd, Orlando, Florida 32809","https://www.abakidsconnection.com/?utm_source=BHCOE-ABA-directory"
"ABA Logic","Plymouth, Massachusetts","345 Court Street, STE LL10, Plymouth, Massachusetts 02360","https://www.abalogic.org/?utm_source=BHCOE-ABA-directory"
"ABA Solutions, Inc.","Largo, Florida","7441 114th Avenue, Suite 604, Largo, Florida 33773","https://abasolutions.com/?utm_source=BHCOE-ABA-directory"
"ABA Solutions – Bradenton Clinic","Bradenton, Florida","4418 5th St. W, Bradenton, Florida 34207","https://abasolutions.com/?utm_source=BHCOE-ABA-directory"
"ABA Solutions – New Jersey","Fanwood, New Jersey","95 Farley Ave, Fanwood, New Jersey 07023","https://abasolutions.com/?utm_source=BHCOE-ABA-directory"
"ABA Solutions – Pinellas Clinic","Clearwater, Florida","2685 Ulmerton Rd, Clearwater, Florida 33762","https://abasolutions.com/?utm_source=BHCOE-ABA-directory"
"ABA Solutions – Tampa Clinic","Tampa, Florida","609 W. Waters Ave, Tampa, Florida 33604","https://abasolutions.com/?utm_source=BHCOE-ABA-directory"
"ABA Success Georgia","Acworth, Georgia","6371 Seymour Place Northwest, Acworth, Georgia 30101","https://www.aba-success.com/?utm_source=BHCOE-ABA-directory"
"ABC Behavior Therapy – Tennessee","Cordova, Tennessee","8090 Walnut, Cordova, Tennessee 38018","https://www.abcbehaviortherapy.com/?utm_source=BHCOE-ABA-directory"
"ABLE Home Health Care","Westport, Connecticut","16 Taylor Place, Westport, Connecticut 06880","https://www.ablehhc.com/?utm_source=BHCOE-ABA-directory"
"Autism & Behavior Services","Chattanooga, Tennessee","6025 Lee HWY, STE 415, Chattanooga, Tennessee 37421","https://autismbehaviorservices.org/?utm_source=BHCOE-ABA-directory"
"ABS Kids","Ventura, California","2421 Portola Road, Ventura, California 93003","https://www.abskids.com/?utm_source=BHCOE-ABA-directory"
"ABS Kids – California","Rancho Cucamonga, California","123 9600 Center Ave., Ste. 160, Rancho Cucamonga, California 91730","https://www.abskids.com/?utm_source=BHCOE-ABA-directory"
"ABS Kids – Utah","Salt Lake City, Utah","2496 West 4700 South, Salt Lake City, Utah 84129","https://www.abskids.com/?utm_source=BHCOE-ABA-directory"
"Abundant Life Family Services Pennsylvania","Bala Cynwyd, Pennsylvania","45 E City Avenue Suite #1675, Bala Cynwyd, Pennsylvania 19004","https://abundantlifefamilyservices.org/contact//?utm_source=BHCOE-ABA-directory"
"Acorn Health – Alexandria, VA Landmark","Alexandria, Virginia","5500 Cherokee Avenue, Suite 120, Alexandria, Virginia 22312","https://acornhealth.com/?utm_source=BHCOE-ABA-directory"
"Acorn Health – Allegan, MI","Allegan, Michigan","892 Marshall St., Allegan, Michigan 49010","https://acornhealth.com/?utm_source=BHCOE-ABA-directory"
"Acorn Health – Allentown, PA","Allentown, Pennsylvania","6990A Snowdrift Rd, Building A, Allentown, Pennsylvania 18106","https://acornhealth.com/?utm_source=BHCOE-ABA-directory"
"Acorn Health – Alpena, MI","Alpena, Michigan","In-Home Services, Alpena, Michigan 49707","https://acornhealth.com/?utm_source=BHCOE-ABA-directory"
"Acorn Health – Altamonte Springs, FL","Altamonte Springs, Florida","324 NEWBURYPORT AVE,, Altamonte Springs, Florida 32701","https://acornhealth.com/?utm_source=BHCOE-ABA-directory"
"Acorn Health – Annapolis, MD","Annapolis, Maryland","1919 West St., Suite 201, Annapolis, Maryland 21401","https://acornhealth.com/?utm_source=BHCOE-ABA-directory"
"Acorn Health – Ashburn, VA","Ashburn, Virginia","44933 George Washington Pkwy, Suite 110, Ashburn, Virginia 20147","https://acornhealth.com/?utm_source=BHCOE-ABA-directory"
"Acorn Health – Broomall, PA","Broomall, Pennsylvania","700 Abbott Drive, Suite 2, Broomall, Pennsylvania 19008","https://acornhealth.com/?utm_source=BHCOE-ABA-directory"
"Acorn Health – Cadillac, MI","Cadillac, Michigan","932 N Mitchell St, Cadillac, Michigan 49601","https://acornhealth.com/?utm_source=BHCOE-ABA-directory"
"Acorn Health – Championsgate, FL","Championsgate, Florida","8390 Chanpions Gate Blvd, Suite 110, Championsgate, Florida 33896","https://acornhealth.com/?utm_source=BHCOE-ABA-directory"
"Acorn Health – Chantilly, VA","Chantilly, Virginia","3855 Centerview Dr, Suite 400 B, Chantilly, Virginia 20151","https://acornhealth.com/?utm_source=BHCOE-ABA-directory"
"Acorn Health – Charlottesville, VA","Charlottesville, Virginia","923 Gardens Blvd, Charlottesville, Virginia 22901","https://acornhealth.com/?utm_source=BHCOE-ABA-directory"
"Acorn Health – Chattanooga, TN","Chattanooga, Tennessee","6116 Shallowford Rd, Suite 119, Chattanooga, Tennessee 37421","https://acornhealth.com/?utm_source=BHCOE-ABA-directory"
"Acorn Health – Clarkston, MI","Independence Township, MI, Michigan","6510 Town Center Drive, Suite E, Independence Township, MI, Michigan 48346","https://acornhealth.com/?utm_source=BHCOE-ABA-directory"
"Acorn Health – Clarksville, TN","Clarksville, Tennessee","2965 Fort Campbell Boulevard, Suite 600, Clarksville, Tennessee 37042","https://acornhealth.com/?utm_source=BHCOE-ABA-directory"
"Acorn Health – Cleveland, TN","Cleveland, Tennessee","440 Stuart Rd, Suite 2, Cleveland, Tennessee 37312","https://acornhealth.com/?utm_source=BHCOE-ABA-directory"
"Acorn Health – Clinton Township, MI","Clinton Township, Michigan","42850 Garfield Rd, Suite 101, Clinton Township, Michigan 48038","https://acornhealth.com/?utm_source=BHCOE-ABA-directory"
"Acorn Health – Coldwater, MI","Coldwater, Michigan","235 E Chicago St, Coldwater, Michigan 49036","https://acornhealth.com/?utm_source=BHCOE-ABA-directory"
"Acorn Health – Columbia, MD","Columbia, Maryland","9140 Guilford Road, Suite O, Columbia, Maryland 21046","https://acornhealth.com/?utm_source=BHCOE-ABA-directory"
"Acorn Health – Cookeville, TN","Cookeville, Tennessee","1680 South Jefferson Ave, Suite F & G, Cookeville, Tennessee 38501","https://acornhealth.com/?utm_source=BHCOE-ABA-directory"
"Acorn Health – Coral Gables, FL","Coral Gables, Florida","1500 Douglas Road, Suite 230, Coral Gables, Florida 33134","https://acornhealth.com/?utm_source=BHCOE-ABA-directory"
"Acorn Health – Crofton, MD","Crofton, Maryland","1651 Crofton Blvd, Suite #6, Crofton, Maryland 21114","https://acornhealth.com/?utm_source=BHCOE-ABA-directory"
"Acorn Health – East Orange, FL","Orlando, Florida","12702 Science Drive, Orlando, Florida 32826","https://acornhealth.com/?utm_source=BHCOE-ABA-directory"
"Acorn Health – Edwardsville, IL","Edwardsville, Illinois","400 St Louis St, Suite 1, Edwardsville, Illinois 62025","https://acornhealth.com/?utm_source=BHCOE-ABA-directory"
"Acorn Health – Fairmount, PA","Philadelphia, Pennsylvania","1822 Spring Garden St, 2nd Floor, Philadelphia, Pennsylvania 19130","https://acornhealth.com/?utm_source=BHCOE-ABA-directory"
"Acorn Health – Franklin, TN","Franklin, Tennessee","3351 Aspen Grove Dr, #350, Franklin, Tennessee 37067","https://acornhealth.com/?utm_source=BHCOE-ABA-directory"
"Acorn Health – Frederick, MD","Frederick, Maryland","5300 Westview Dr, Suite 200, Frederick, Maryland 21701","https://acornhealth.com/?utm_source=BHCOE-ABA-directory"
